Positivos,Negativos
"""Melhor loja online de inform√°tica do Brasil, √≥timo atendimento ao cliente, √≥timo manuseio nas compras , qualidade dos produtos de √≥tima qualidade, melhor frete q eu j√° vi, recomendo pra todo mundo comprar nessa loja obg pichau.""","""S√≥ o pre√ßo q n√£o gostei est√° muito caro ultimamente...msis fazer o que √© Brasil n√© tudo √© caro ou tudo √© imposto..."""
"""j√° fiz compras antes ent√£o j√° confio""","""Eles precisam urgentemente resolver o problema com o PIX."""
"""Pre√ßo do produto bom, site √≥timo com bastante variedade e varias op√ß√µes de frete""","""Deixa eu terminar de fazer a minha compra chegar no final essa avalia√ß√£o n√£o carrega e acaba eu te que selecionar todo os produtos """
"""at√© agora tudo perfeito""","""Site cheio de produtos indispon√≠veis. Deveria haver uma op√ß√£o para n√£o aparecer produtos indispon√≠veis. """
"""Boa""","""Pc veio com defeito, porem o atendimento foi otimo, e ja estou resolvendo."""
"""Nunca tive problema com a Pichau, mesmo quando recebi algum produto com erro, entrei em contato e sempre resolveram meu problema. Eles tem um √≥timo pre√ßo e me atendem super bem com um √≥timo prazo.""","""Pelo pre√ßo do produto, poderia ter frete gr√°tis."""
"""√ìtimo produtos""","""Essa √© minha primeira compra no site e terceira compra com a Pichau, uma no ML e uma outra na Americanas e n√£o recebi nenhum cupom de desconto. Entrei em contato via Twitter, pedindo um cupom de desconto mas responderam que n√£o tinham como dar. Acho que essa √© a √∫nica falha da Pichau. Podem corrigir o erro me mandando um cupom de desconto para minha pr√≥xima compra."""
"""Loja muito boa""","""As op√ß√µes de frete n√£o s√£o muito boas e tamb√©m pode acontecer do pedido n√£o ser entregue no prazo."""
"""Chegou bem antes do prazo de entrega""","""Tive problemas na troca do produto , devolu√ß√£o de respostas e orienta√ß√£o sobre processo muito lento , precisei ficar mandando v√°rios email para saber do andamento, s√≥ comprei novamente pq teve queda no pre√ßo do produto, caso contr√°rio n√£o compraria jamais."""
"""Essa foi minha primeira compra no site da pichau e estou satisfeito com minha compra, encontrei produtos e pre√ßos acess√≠veis ao meu or√ßamento e que apresentam ser de √≥tima qualidade.""","""Complicad√≠ssimo para efetuar a compra com cart√£o de cr√©dito. Levei quase uma hora para finalizar o pedido tendo que cadastrar no paypal, e dando erro do endere√ßo cadastrado. P√©ssimo. Pre√ßos muito bons."""
"""Tem muitas pe√ßas de hardware muito mais barato que outras lojas √†s vezes a diferen√ßa √© brutal. Tem muitas op√ß√µes de entrega varias empresas de logisticas pro cliente escolher a vontade. E por fim foi implantado o pagamento via PIX, fica mais f√°cil pra todo mundo.""","""O frete de voc√™s √© extremamente caro e o parcelamento deveria ser ao menos em 12x"""
"""Loja excelente, parab√©ns!""","""Pre√ßos"""
"""√ìtimos produtos, j√° estou na minha segunda compra no site e at√© agora est√° tudo muito bom!""","""Estou comprando esse produto pois o anterior apresentou defeito 5 meses depois de uso. A loja n√£o fornece garantia por√©m a fabricante sim, com estorno do valor integral farei a nova compra de outro modelo mas manterei fiel √† marca escolhida."""
"""ok""","""so comprei nessa loja meu teclado porque n√£o achei em outra o modelo que eu queria ."""
"""Sem duvidas uma das melhores lojas online, sempre que preciso sou muito bem atendido e meus problemas s√£o solucionados. Super indico a loja! ""","""caro"""
"""Boa loja, bons pre√ßos e promo√ß√µes, √≥timo atendimento e bastante ativa nas redes sociais divulgando promo√ß√µes, sorteios e novidades""","""A forma de pagamento estava muito dif√≠cil s√≥ consegui comprar pelo celular"""
"""Ainda n rrecibir o produto,qdo receber posso avaliar melhor""","""Os pre√ßos das placas de v√≠deo est√£o um absurdo."""
"""muito boa a loja esta de parab√©ns""","""A pesquisa deveria ser ap√≥s o recebimento do produto"""
"""Muito pr√°tico e rapido a navega√ß√£o e escolha de produtos, amei""","""A logistica de devolu√ß√£o quando o produto vem com defeito est√° muito demorada nesta √©pica. Um outro produto que comprei e veio com defeito demorou quase 3 semanas para coleta"""
"""Estava receoso em comprar, pois foi um computador de 15 mil reais, mas foi tudo muito tranquilo, entregue antes do prazo ainda.""","""Nem sei como est√° o pedido. J√° tentei de diversas formas, j√° postei no reclame aqui. At√© hoje nem emitiram a NF de compra. Um verdadeira mal estar! S√≥ de ter que responder essa pesquisa j√° acabou com o meu dia. Agora vou l√° de novo no site perguntar e receber a mesma resposta pelo pedido que est√° perdido."""
"""Loja confi√°vel , com bons produtos e pre√ßos competitivos.""","""N√£o consegui pagar pelo Pix e suporte s√≥ funciona dia de semana em hor√°rio comercial. Pre√ßo, produtos e tudo mais √© muito bom. """
"""Muito obgd pelo √≥timo atendimento""","""n√£o entendi pq esta essa mensagem : indisponivel para entrega domiciliar. pois se pago o frete quero que entregue no endere√ßo exato e n√£o que deixe numa porcaria de correios pra ter que ir buscar"""
"""Sempre compro produtos de inform√°tica na PICHAU. Tem √≥timos pre√ßos e ofertas. Tamb√©m confio na qualidade dos produtos que vendem. Recomendada.""","""N√£o consegui gerar o boleto e nem via PayPal, verifiquei bloqueio de Pop-up mas n√£o tinha bloqueio."""
"""Site bom mas existem alguns warnings no c√≥digo que aparecem pro usu√°rio do site. Um exemplo foi quando eu tentei pagar pro PIX e tive que pagar usando boleto pq apareceu um warning na tela""","""otima loja. mas poderia ter mais especifica√ß√µes nos produtos"""
"""tudo dentro do esperado""","""demoraaaaaa demaisssss para entregar . to at√© agora esperando , e f*** viu """
"""Os pre√ßos da Pichau s√£o muito bons, a op√ß√£o de comprar com 2 cart√µes ajuda muito na hora de comprar, j√° que n√£o tenho um √∫nico cart√£o com limite alto""","""O Atendimento √© cada vez mais falho. Al√©m dos problemas iniciais: N√£o recebi o frete gr√°tis durante o final de semana de frete gr√°tis, n√£o pude fazer upgrades por conta de uma regra inventada ap√≥s compra e agora as op√ß√µes de solu√ß√£o para resolver um cabo no meu gabinete que veio faltando, a solu√ß√£o da Pichau √©: Devolver o computador todo, deixar o cliente sem trabalhar. Tirei d√∫vidas diversas vezes exatamente para n√£o ter essa falha. Eu sou muito paciente, mas amigos, colegas de profiss√£o e familiares j√° teriam processado a loja por conta das informa√ß√µes erradas e negocia√ß√£o truncada. """
"""Tem uma variedade de produtos muito boa, e normalmente com um pre√ßo coerente""","""N√£o recebi cupom de desconto de primeira compra no site."""
"""√ìtima loja""","""Comprei o computador durante a promo√ß√£o final de semana frete gratis em todos os Pcs pichau gamers. Ao selecionar o computador, este n√£o constava com frete gratis e era o √∫nico. Por medo de perder a compra, visto que as placas de video est√£o sendo comercializadas somente por venda casada junto ao computador, paguei ainda assim e assumi o frete. Ap√≥s a compra n√£o me foi permitido substituir mais do que 3 pe√ßas na montagem. Sendo que no site informava que os Pcs Pichau gamers poderiam sofrer modifica√ß√µes sem limita√ß√£o. Somente me foi informado ap√≥s o pagamento. durante a sele√ß√£o dos produtos a serem substituidos, falei da importancia do gabinete ter uma porta usb type c e o mesmo n√£o poder ser devolvido, ainda que demorassem mais, gostaria que ele fosse bem revisado e mesmo assim veio faltando a porta Type C. O produto chegou muito r√°pido, recebi um atendimento bom por parte dos funcion√°rios, mesmo com politicas de cima (donos, gerentes, etc) serem totalmente anti √©ticas. """
"""Excelente loja""","""infelizmente n√£o achei o produto em outro site, e tive problemas na compra anterior na devolu√ß√£o de meu credito, e demora muito na resolu√ß√£o do problema e troca de produtos."""
"""Produtos not√°veis com valores adequados.""","""Fiquei muito frustrado quando tentei realizar o pagamento via Pix e ocorreu erro de codigo qr invalido."""
"""Mesmo estando nessa √©poca de pandemia, com pre√ßo nas alturas, fui obrigado a comprar algumas pe√ßas para dar um upgrade no meu setup, pois n√£o estava mais suportando os jogos atuais. J√° comprei duas vezes na Pichau, e desde ent√£o dou muita credibilidade nesta loja. Devido aos produtos, a qualidade e a entrega. Gostaria de pagar menos, mas n√£o √© poss√≠vel ainda.""","""Saco ter que avaliar"""
"""A cadeira me surpreendeu bastante, estrutura muito robusta e bem confort√°vel. Minha √∫nica reclama√ß√£o √© referente ao envio, a caixa veio aberta e tive que conferir todos os itens na entrega. Felizmente n√£o ocorreu danos ao produto, e o entregador disse que a caixa j√° veio assim da transportadora anterior.. Fica minha sugest√£o para melhorar a embalagem e envio dos produtos. ""","""Melhorar os filtros de pesquisa do site e remover os produtos indispon√≠veis da listagem de produtos."""
"""Os produtos s√£o de boa qualidade""","""A parte de pagamento do paypal √© horr√≠vel, tive que informar meus dados pessoais e de cart√£o umas 4 vezes e n√£o finalizava a compra, sempre abria uma tela nova. Tive que, antes de finalizar a compra, me cadastrar no paypal e ficar logado para assim conseguir finalizar a compra. Fui insistente. S√≥ prossegui pois eu queria muito o produto, sen√£o j√° teria desistido na segunda vez que informei meus dados"""
"""Melhor loja de informatica do brasil""","""ja tive problemas com a Pichau... P√≥s venda horr√≠vel... Jurei pra mim que nunca mais compraria com eles... Mas precisei de um PC pra trabalhar e eles estavam com o melhor pre√ßo. Espero n√£o ter mais problemas com eles"""
"""Excelente loja de inform√°tica!""","""Pre√ßo ok, mas Pichau falha na hora de enviar os produtos e me enviou a encomenda de outra pessoa. E o atendimento, apesar de cordial, √© bem demorado e burocr√°tico, ao inv√©s de falar com a gente, ficam s√≥ mandando os textos Scripts prontos, ctrl+c ctrl+v."""
"""J√° comprei algumas vezes e nunca tive problema e fizeram a entrega dentro do prazo""","""RMA funciona, mas um pouco problem√°tico"""
"""muito bom, bastante variedade de gabinetes!""","""S√≥ um desabafo geral: O pre√ßo das cadeiras game aumentou exageradamente no Brasil. Aumentou depois da pandemia de covid-19. Brasil √© Pa√≠s totalmente desunido. Todo mundo tem mais √© que se lascar. Mas a Pichau √© muito bem elogiada, ent√£o parab√©ns pelos produtos de √≥tima qualidade."""
"""Pichau possui √≥timos pre√ßos os quais atraem o consumidor. Ademais, √© muito f√°cil de realizar as compras.""","""Site cheio de erros, tive que abrir outro navegador. Precos desatualizados na opcao de monte seu computador, mais caros muitas vezes. Cheio de erros, tive que limpar os cookies do navegador varias vezes... ruim, muito ruim;"""
"""Parab√©ns, minha primeira compra e espero que ocorra tudo certo !!!""","""Site confuso e mal projetado, principalmente na vers√£o de smartphones"""
"""Recomengo a todos, facilidade na compra e rapidez na entrega""","""N√£o tive a op√ß√£o de comprar com apenas 1 cart√£o. N√£o entendi nada!"""
"""Loja de confian√ßa""","""Fiz a solicita√ß√£o com anteced√™ncia de inclus√£o de pe√ßas de um pedido em outro, No atendimento fui respondido que seria feito, e mesmo eu tendo pagado dois fretes e os pedidos terem sido feitos no mesmo dia com pagamento por boleto, os pedidos foram enviados muito atrasados e a inclus√£o de pe√ßas n√£o foi feita. Eu solicitei acompanhamento, n√£o era respondido e quando respondiam eram com dias de atraso, a nota fiscal s√≥ foi enviada por depois do protudo ter sido entregue e eu esperava um atendimento melhor para com um cliente que fez uma compra com valor de 15 mil reais. P√©ssimo atendimento e organiza√ß√£o. N√£o recomendo!"""
"""Boa loja e √≥timos pre√ßos. ""","""Comprei um computador e me arrependi. Veio com uma fonte de p√©ssima qualidade e agora estou usando os ""cr√©ditos"" que me deram para adquirir outro produto. Estou muito insatisfeita."""
"""N√£o tenho reclamar""","""pouca diversidade de produtos """
"""Pichau apesar de v√°rios problemas ainda √© uma das melhores lojas de inform√°tica que conhe√ßo, com pre√ßos vari√°veis entre bons e caros, sempre √© uma boa op√ß√£o para compras ou or√ßamentos como bases de compara√ß√£o. ""","""A caixa do produto veio MUITO arrega√ßada: descolada, amassada, furada e meio aberta, e o produto estava cheio de manchas de poeira com gotas no pl√°stico abs, tive que passar bastante pano pra sair. Por sorte, mesmo com os parafusos ca√≠dos dentro (n√£o sei como n√£o escapuliram), n√£o faltou nada. """
"""Descri√ß√£o dos itens muito detalhada e satisfat√≥ria, f√°cil navega√ß√£o e op√ß√£o de montagem de maquina muito boa de se utilizar. Formas de pagamento diversificadas e j√° incluindo PIX.""","""Os pre√ßos dos fretes ainda est√£o muito caros"""
"""Excelente loja, bons pre√ßos, qualidade muito boa, produtos de qualidade √≥tima.""","""Estou com uma compra (frete sedex) desde o dia 22/01/2021 (detalhe que tinha feito uma compra no dia 25/01 e chegou primeiro, sem falar das compras que fiz via Mercado Livre pelo PAC entre outros lugares por transportadora que tamb√©m ja chegaram) que s√≥ chegou ontem dia 10/02/2021 faltando um produto. Gosto muito do site pelo pre√ßo, mas muitos que conhe√ßo reclamam no atraso de envio tamb√©m. Deixa a desejar no atendimento e feed de solu√ß√£o de tickets."""
"""Pre√ßos baixos e f√°cil navega√ß√£o no site.""","""Seria bom se as empresas de transporte fornecesse um c√≥digo. De rastreio e um rastreamento fidedigno. """
"""R√°pido e pr√°tico para comprar no site, aguardando a entrega ""","""Comprei um produto uma vez e veio com defeito, consegui devolver mas o suporte foi bem arrogante."""
"""F√°cil e r√°pido de comprar ""","""se depender do atendimento, seja por chat, telefone, eles n√£o venderiam nada....√© pessimo...ficamos esperando ate cansar"""
"""Fui muito bem atendido pela central de d√∫vidas antes de fazer a compra da minha placa m√£e e processador novo. Me ajudaram do in√≠cio ao fim por que sou meio leigo no assunto e a paci√™ncia foi crucial nesse aspecto. Muito obrigado Pichau Inform√°tica.. Agora por favor manda meus itens o mais r√°pido poss√≠vel heheheheheheh...""","""N√£o ganho cupom de desconto."""
"""Tenho s√≥ elogios √† loja Pichau! No ano passado montei um computador gamer pra minha filha e n√£o tive nenhum problema com entrega e com o produto.""","""Muito p√©ssimo cobran√ßa de frete para um produto com valor mais elevado """
"""Sempre que possivel compro na Pichau""","""J√° efetuei uma compra na Pichau na Black Friday de 2020, naquela compra houve alguns problemas e minha compra demorou para chegar, mas enfim chegou."""
"""Pre√ßos competitivos nivel major, prazo e frete ok, confian√ßa 100%. Recomendo e de toda busca na internet, acabo sempre caindo aqui! Melhor pre√ßo e credibilidade indiscutivel. ""","""Os pre√ßos s√£o flutuantes. no site aparece uma informa√ß√£o e no checkout do carrinho de compras o valor muda."""
"""Pre√ßo bom""","""so da para pagar pelo pay pal podia da pr pagar direto com o cart√£o"""
"""Excelente Atendimento, Entrega e Produtos.""","""Sendo bem objetivo... independente do valor do produto... o atendimento √© muito ruim. Descaso total com cliente. """
"""Top demais üòÅüòÅüòÅ""","""Os pre√ßos n√£o s√£o t√£o bons assim e as op√ß√µes de fretes s√£o extremamente caras e invi√°veis. S√≥ finalizei a comprar porque eu realmente precisa e o pre√ßo estava em conta no momento"""
"""confiabilidade e pre√ßo""","""Mercado pago atrasou minha compra por quest√µes de seguran√ßa e n√£o resolveram o problema, por sorte havia a op√ß√£o do paypal, no qual realizei o cadastro e o pagamento foi aprovado."""
"""Facilidade em comprar e muita variedade""","""Produto chegou danificado. E a √∫nica op√ß√£o que Pichau Inform√°tica deu foi eu reembalar o produto (que √© volumoso para andar de √¥nibus), pegar meu dinheiro e pagar uma postagem l√° pra outro Estado. Ou seja, eles entregaram aqui na minha porta o produto defeituoso, mas eu tenho que me virar pra eles resolverem. N√£o recomendo. Empresa sem qualidade. J√° estou abrindo reclama√ß√µes no site de consumidor e vou gravar um v√≠deo no canal YouTube desse p√©ssimo p√≥s venda."""
"""Produtos de qualidade e bastante informa√ß√µes t√©cnicas""","""As compras chegaram com alguns problemas."""
""".""","""Tem m√° fama de entregar produtos trocados."""
"""Primeira vez em que compro na loja. Loja f√°cil para fazer e fechar a compra. Vou pagar o bleto e aguardar. Por enquanto n√£o posso opinar sobre os produtos. Nunca comprei dessa marca""","""Em uma compra de 800 reais com pagamento √† vista, acho um absurdo n√£o receber frete gr√°tis, ainda mais que √© apenas um monitor que n√£o pesa nem 5 quilos. Numa situa√ß√£o normal, deixaria de fazer a compra s√≥ por conta disso. Mas como preciso urgentemente do monitor, n√£o tinha op√ß√£o."""
"""Loja confiavel nunca tive problemas""","""O pre√ßo poderia ser mais em conta"""
"""Produtos bem embalados e o prazo bem antes do previsto. √ìtimo.""","""Na primeira compra foi cobrado o dobro do valor. Tive que realizar uma nova compra para sair o valor certo, por√©m no momento de imprimir o boleto, a propaganda nessa pesquisa ficou na frente e n√£o fechou por nada. Tive que solicitar a segunda via do boleto para poder realizar o pagamento. """
""".......................................""","""SISTEMA DE PAGAMENTO DA PAYPAL E MUITO CONFUSO, AP√ìS VARIAS TENTATIVAS DE PAGAMENTO DEU CERTO, MESMO APOS O CARTAO JA LIBERADO TIVEMOS QUE REFAZER A OPERACAO VARIAS VEZES."""
"""√ìtima loja ! Sempre que t√™m pre√ßo bom, eu tenho como prefer√™ncia e ainda recomendo.""","""A loja n√£o atualizou as informa√ß√µes de rastreio da entrega e n√£o tive visibilidade do processo e prazos de entrega. Recebi o produto e ainda constava no sistema o status de ""aguardando coleta da transportadora""."""
"""Quero parabenizar a loja e a transportadora pela agilidade na entrega dos produtos. Fiquei muito satisfeito!""","""Log√≠stica p√©ssima, demora absurda no envio e p√©ssima empresa contratada pra transporte. Desistam da Intellipost, p√©ssima."""
"""A loja √© muito boa, produtos variados, bom pre√ßo em compara√ß√£o as demais e possui muitas formas de entrega, o que √© √≥timo. Esta foi minha primeira compra pela loja mas ja recomendei a amigos que fizeram compra na mesma.""","""Poderiam abrir um canal de chat online com atendimento direto de facil acesso e informa√ß√µes claras. Poderiam tamb√©m, utilizar o telefone para atendimento de chamadas pois tentei inumeras vezes de telefone particular e corporativo e n√£o conseguimos respostas. Remover as respostas automaticas enviadas pelos atendentes pois n√£o √© isso que o consumidor precisa caso contr√°rio podem deixar o menu do chatbot. Dificil comunica√ß√£o em respostas a SLA. O site faz altera√ß√£o com delay se n√£o cuidar pode gerar cobrna√ßas e dai√ß√£o de componentes/produtos diferentes. O pre√ßo √© razoavel, e a montagem de costumiza√ß√£o √©bem pr√°tica. O que pecou e muito √© a distancia com cliente, engessado de mais. Poderiam classificar os clientes para um melhor atendimento. No restante a estrutura do ambiente gostei, muito bem arquitetado. """
"""Excelente empresa, entrega tudo como combinado e no prazo correto. Nota 10!""","""1-Comprei um gabinete Lark(GABINETE DA MARCA PICHAU) que veio sem as baias que √© um item que vem junto com o gabinete. (Confirmei que vem junto com o atendimento do facebook.) Outra reclama√ß√£o √© que ao inv√©s de me enviar as baias imediatamente, sendo que, sem elas n√£o consigo montar o hd no pc foi aberto um ticket para me responderem em 24hrs √∫teis, e fizeram isso numa sexta feita, ou seja vou perder meu final de semana e mais alguns dias da outra semana at√© me responderem, e ainda √© por e-mail que talvez demorem mais uns dias para me enviarem (se enviarem n√©....) 2-Falta adicionar o pix nos pagamentos."""
"""Muito bom""","""Infelizmente havia desconto apenas em boleto, costumo utilizar cart√£o de credito"""
"""Uma loja com produtos competitivos e que parecem ter uma boa qualidade""","""Compra ainda n√£o chegou, mas ainda est√° dentro do prazo. Espero que chegue essa semana para poder avaliar a qualidade dos produtos. """
"""Site bem claro e explicativo com dicas importantes dos produtos""","""A loja √© bem direta no assunto, sem muita decora√ß√£o deixando a navega√ß√£o flu√≠da, mas senti falta de um frete mais barato ou at√© gratuito considerando os valores comprados."""
"""Produtos de qualidade. Sempre entregam no prazo. ""","""Atendimentos p√©ssimos, por√©m bons pre√ßos """
"""Boa loja""","""M√©todo de pagamento cart√£o bem complicado Nunca tive essa dificuldade em outras lojas, pedido cancelado por alto risco no pagamento"""
"""Site excelente, com informa√ß√µes completas dos produtos e pre√ßo bom dentre outras op√ß√µes no mercado. O produto ainda n√£o chegou para eu poder avaliar melhor, mas, pelas ""especifica√ß√µes x pre√ßo"" eu recomendo.""","""Por favor, tirem a Braspress como op√ß√£o de entrega, eles s√£o incompetentes e incapazes de atender o cliente, ou sequer entregar algo no prazo. Mais parecem um scam do que uma empresa s√©ria."""
"""Produtos de qualidade, seriedade na negocia√ß√£o. Sempre chegou no prazo indicado.""","""A op√ß√£o de produtos de inform√°tica no geral √© bem escassa no quesito baixo pre√ßo. Os gabinetes mais baratos chegam at√© a ser feios, e ainda assim bem caros."""
"""Muito boa experi√™ncia, qualidade do produto superior do que eu esperava por causa do pre√ßo""","""Infelizmente n√£o tenho Obtido Informa√ß√µes atualizadas sobre o Envio do Produto."""
"""Ok""","""O sistema de troca de mercadoria √© pr√©-hist√≥rico, burocr√°tico e demorado, o atendimento n√£o √© personalizado um sistema padr√£o de e-mail que leva 24 horas para se ter uma resposta de cada interven√ß√£o. Para uma loja desse porte √© ultrajante a forma como √© tratado o cliente que pagou √† vista por uma mercadoria que j√° est√° a quase 7 dias para se definir pela troca, ainda tive que pagar o frete de devolu√ß√£o, n√£o sei como tratar essa quest√£o. Quero deixar claro que o erro foi da Pichau que enviou mercadoria equivocada."""
"""Ok""","""compra parcelado no cart√£o de credito saiu com juros n√£o concordo."""
"""Foi minha primeira compra nesse site, eu amei. Al√©m da op√ß√£o de desconto pagando a vista, gostei de poder montar meu computador como eu queria, al√©m disso a entrega foi extremamente r√°pida. O produto chegou bem embalado e com um certificado de qualidade e estabilidade, comprovando que tudo foi testado. Gostei muito e j√° indiquei para v√°rios amigos.""","""Sempre falta produto, das lojas √© a mais cara sempre e pela primeira vez vi algo que o pre√ßo era mais em conta que outras lojas."""
"""Entrega R√°pida e Produto de qualidade""","""Comprei dia 27/11, hoje dia 29/12 ainda estou sem meu produto, me informaram que foi entregue por√©m n√£o pra mim, j√° me deram v√°rios prazos pra acarea√ß√£o e resolu√ß√£o com o reenvio e indeniza√ß√£o e at√© agora nada, a situa√ß√£o est√° ficando rid√≠cula, a pichau a todo momento transferindo a responsabilidade para a transportadora e a mesma parece n√£o estar nem ai."""
"""Bom""","""Extrema dificuldade para compra, produto com defeito e ainda maior dificuldade no processo de sac/RMA. Muito dif√≠cil mesmo. """
"""Ponto positivo √© p p√≥s venda. Bom atendimento e confi√°vel. Ponto negativo, pre√ßos (mercado em geral), e o rastreio do produto n√£o √© em tempo real.""","""Comprei uma placa m√£e e enviaram uma diferente da nota fiscal, at√© o processo de troca ser conclu√≠do tive que esperar mais 12 dias al√©m de ter que perder tempo no transito e na fila do correio e ainda ter o carro arranhado, sendo que eu nem estaria l√° naquele momento se n√£o fosse a empresa enviar o produto errado e ap√≥s pedir algo pra compensar me ofereceram um cooler b√°sico que √© totalmente desproporcional ao estrago do veiculo e todo transtorno causado pela pr√≥pria Pichau. E em outra compra que o produto ap√≥s alguns meses de uso queimou foi uma baita confus√£o por falta de aten√ß√£o do atendente quanto ao valor do cr√©dito e da diferen√ßa de pre√ßo √† ser paga para fazer outra compra."""
"""Produtos de otima qualidade""","""J√° havia realizado algumas compras na Pichau, sem problemas. Por√©m, na √∫ltima compra, tive o infort√∫nio de receber produtos os quais eu n√£o havia comprado, ou seja, enviaram errado. Da√≠ em diante iniciou-se um processo um pouco confuso e burocr√°tico para reenviar, tudo bem, parte do sistema de seguran√ßa da loja. Minha sugest√£o fica na forma como ocorre a tratativa do cliente, a sensa√ß√£o que tive foi a de que estavam o tempo todo desconfiando de mim e/ou me tratando como uma crian√ßa. Frases que pareciam intimidar ou tentar reprimir algum comportamento. Por fim, n√£o houve sequer um pedido de desculpa pelo transtorno, nem ao menos a tentativa de compensar de alguma forma. Ou seja, loja boa quando tudo funciona, mas quando as coisas derem errado, pode ser uma dor de cabe√ßa, e isso conta muito."""
"""ateh agora ok""","""Site meio bugado, o carrinho de compras fica vazio se tu clica no bot√£o do canto, tem que incluir um produto para ir ao carrinho. Al√©m de v√°rios outros erros. Poderiam ao menos testar o site."""
"""A pichau inform√°tica, mais uma vez com produtos/pre√ßos excelentes. Sempre recebo produtos sem problema algum""","""A cadeira veio com a flange ou estragada ou velha. Est√° rangendo quando senta nela. N√£o sei bem o que est√° acontecendo. O que poderia ser feito? Mas √© uma cadeira gamer confort√°vel. Pelo valor que paguei, recomendo. A Pichau √© uma loja boa. """
"""muito bom! chegou tudo direitinho e nos conformes do anuncio""","""Fiquei chateado pois foi minha primeira compra na loja e n√£o tive cupom de desconto para primeira compra."""
"""Muito boa a loja conhe√ßo a tempos, mas tem q melhorar o algoritmo de busca pq pesquisa por um item aparece v√°rios sendo alguns nada haver""","""Falam que tem um desconto do Monte seu PC, por√©m, todos os produtos que voc√™ adiciona mostram um valor superior do que se comprar avulso. N√£o mostram a taxa de montagem, que deve ser isso, mas eu acho que tinha que ficar mais claro esse valor pra gente, e n√£o embutidos nas pe√ßas, √© bem esquisito. Mas eu comprei por ser o melhor lugar com essa ferramenta em quest√£o e por comodidade de estar aqui em casa fazendo a compra, sem ter que ir at√© uma loja etc..."""
"""Oferta do produto adquirido, visto que os pre√ßos est√£o elevados.""","""preco da cadeira dobrou!!!!!!!!!"""
"""A loja √© muito boa, com pre√ßos bons e variedade de produtos. Apenas precisam ficar mais atentos no p√≥s venda (pessoal que compra hardware √© bem ansioso). ""","""Comprei um computador e enviaram o errado, agora estou pagando a diferen√ßa n√£o planejada."""
"""A busca e a compra s√£o bem facilitadas, quero ver a entrega e os procedimentos que envolvem isso para que seja nota 10""","""A essa altura, n√£o ter recebimento por PIX √© pura incompet√™ncia de getao do negocio, o PIX nao tem taxa e a confirma√ß√£o √© imediata. Temos que usar boleto e esperar 48 horas para confirmar pagamento, atrasad√≠ssimos para uma loja ""Online"" """
"""Muito bom ""","""Usei o computador duas semanas e deu problema, esperando o PC chegar novamente para ver se vai ficar bom e espero que n√£o me cobrem o frete de ida pois a√≠ vai ser sacanagem"""
"""√ìtimo pre√ßo, facilidade ma compra, suporte me atendeu super bem!""","""Site com o rastreio do produto n√£o funcionou direito."""
"""√ìtimo atendimento online ""","""Comprei um teclado mec√¢nico da marca Pichau que n√£o era reconhecido ao ligar o computador. Somente depois de reclamar (e tentar devolver o produto), enviaram um link para atualizar o firmware, e s√≥ depois da atualiza√ß√£o, funcionou corretamente."""
"""Facilidade de navega√ß√£o, muita informa√ß√£o do produto, variedades e pre√ßos.""","""Pichau √© mal conhe√ßida , s√≥ arrisquei pelo pre√ßo vamos ver se entrega bem """
"""Melhor empresa de eletr√¥nicos e perif√©ricos gamer ""","""Pre√ßo dos fretes muito alto mesmo sendo para o nordeste"""
"""Informa√ß√µes bem completqs sobre os equipamentos. Nota 10.""","""Comprei um PC montado pela Pichau, o mesmo chegou com defeito em casa ( n√£o apresentando imagem), mandei para eles novamente e estou aguardando o produto at√© agora, quase 30 dias que o produto est√° com eles e at√© agora nada, farias reclama√ß√µes abertas no reclame aqui e trocas de emails com eles, ningu√©m resolve meu problema. Ainda estou sem o produto."""
"""Pre√ßos bons bastante informa√ß√£o sobre o produto e frete bem satisfat√≥rio ""","""Comprei as pe√ßas para montar um computador e quando fui montar, para minha surpresa a placa de video da marca AFOX veio com defeito de fabrica e fiz os procedimentos de devolu√ß√£o no dia seguinte. A pichau n√£o atende telefone conversas somente por email. A primeira proposta q me fizeram quando a mercadoria chegou para eles e constataram defeito de fabrica√ß√£o foi que iam enviar o produto para garantia, isso eles n√£o deveriam nem se quer propor pois a devolu√ß√£o ocorreu imediatamente por conta de defeito, o correto era me propor envio de outra ou me estornar o pagamento proposta que partiu da minha parte. Eu j√° comprei muito da pichau e j√° indiquei tamb√©m e hoje vi que a pichau n√£o presa por fidelizar ou atender com respeito seus clientes, pela proposta q fazem de inicio acham q seus clientes n√£o entendem o m√≠nimo de leis do consumidor. Aguardo estorno em meu cart√£o e n√£o compro novamente."""
"""Pre√ßo muito bom""","""Deviam dar frete gr√°tis"""
"""Muito boa a variedade de produtos. ""","""Atendimento p√≥s venda √© muito complicado. Quando voc√™ consegue falar com algu√©m essa pessoa n√£o repassa a liga√ß√£o ao setor respons√°vel, sempre quer que voc√™ resolva por email, apesar de estar falando com um atendente que logo quer encerrar a liga√ß√£o dizendo aquele frase: ""algo mais que eu possa ajudar?"" e desliga na sua cara mesmo depois de voc√™ ter ficado um temp√£o esperando ser atendido. Demonstram que voc√™ n√£o tem import√¢ncia nenhuma depois da compra. A loja tem bons produtos e bons pre√ßos mas precisa melhorar o relacionamento com o cliente. Lament√°vel."""
"""Facil layout com informa√ß√µes precisas""","""O site √© horr√≠vel o sistema de navega√ß√£o, n√£o tem uma op√ß√£o de filtros. """
